experiment,vehicle,chunks,sessions,macro_f1_mean,macro_f1_std,accuracy_mean,demag_recall,demag_to_normal,normal_to_demag,source
12ch,IONIQ,20000,,0.8959674163389214,0.005629702859584551,0.8961463593505558,0.8195,710,742,본격\모델_12ch_베이스라인\모델_12ch_베이스라인\fusion_eval.json
12ch,KONA,20000,,0.884488721942656,0.01186257754364402,0.8914093273124469,0.802,770,820,본격\모델_12ch_베이스라인\모델_12ch_베이스라인\fusion_eval.json
12ch,NIRO,20000,,0.8427330621736867,0.024881424454876348,0.8448990563540256,0.73375,1043,1534,본격\모델_12ch_베이스라인\모델_12ch_베이스라인\fusion_eval.json
15ch,IONIQ,14898,504,0.8882148161097874,0.00552893704992177,0.8836834511024264,0.8133956386292834,586,680,본격\모델\모델\eval_results_fuse_rpm.json
15ch,KONA,14966,287,0.8840739628472702,0.009543331771363751,0.8806549193702891,0.7593846153846154,755,686,본격\모델\모델\eval_results_fuse_rpm.json
15ch,NIRO,16796,385,0.8718818485195735,0.003230012594833792,0.8719223448935679,0.7701990632318502,772,895,본격\모델\모델\eval_results_fuse_rpm.json
18ch,IONIQ,14898,504,0.883189732534731,0.005332508557580308,0.8779117581201206,0.7984423676012461,629,686,본격\모델\모델\eval_results_fuse_rpm_temp.json
18ch,KONA,14966,287,0.8666989013597405,0.007983590835860883,0.8626870788950914,0.7390769230769231,808,840,본격\모델\모델\eval_results_fuse_rpm_temp.json
18ch,NIRO,16796,385,0.8690822385462568,0.0022931961326196574,0.8686672202707717,0.7661007025761124,783,914,본격\모델\모델\eval_results_fuse_rpm_temp.json
48ch,IONIQ,14898,504,0.9807956367748654,0.0021599915235071612,0.9803841862379623,0.9735202492211839,84,96,본격\모델\모델\eval_results_fuse_rpm_ext_no_band_ratio_7.json
48ch,KONA,14966,287,0.9557799973517603,0.006085021134489339,0.9535933084200648,0.9030769230769231,306,320,본격\모델\모델\eval_results_fuse_rpm_ext_no_band_ratio_7.json
48ch,NIRO,16796,385,0.959186453294862,0.005190664813293461,0.9589488310702664,0.927400468384075,244,349,본격\모델\모델\eval_results_fuse_rpm_ext_no_band_ratio_7.json
51ch,IONIQ,14898,504,0.9782461011183904,0.0016867524321092084,0.9775270938811413,0.9713395638629283,91,128,본격\모델_12ch_베이스라인\모델_ord_A\eval_results_fuse_rpm_ext.json
51ch,KONA,14966,287,0.9535296266114951,0.011466036560358071,0.9508894251841409,0.8833846153846154,372,290,본격\모델_12ch_베이스라인\모델_ord_A\eval_results_fuse_rpm_ext.json
51ch,NIRO,16796,385,0.9588348703797651,0.005555499265336596,0.958375398277097,0.9276932084309133,241,340,본격\모델_12ch_베이스라인\모델_ord_A\eval_results_fuse_rpm_ext.json
51ord,IONIQ,14898,504,0.9762216909684334,0.0008866942093332167,0.9760237612427934,0.9722741433021806,86,101,본격\모델_12ch_베이스라인\모델_ord_only\eval_results_ord_only.json
51ord,KONA,14966,287,0.9457952958403285,0.005183701709522805,0.9432293075410358,0.8938461538461538,341,400,본격\모델_12ch_베이스라인\모델_ord_only\eval_results_ord_only.json
51ord,NIRO,16796,385,0.946692495306051,0.006073173195020415,0.946680287954209,0.9013466042154566,336,465,본격\모델_12ch_베이스라인\모델_ord_only\eval_results_ord_only.json
81ch,IONIQ,14898,504,0.9838273282666341,0.0012375992919674739,0.9836612489476342,0.9834890965732087,53,74,본격\모델_12ch_베이스라인\모델_ord_C\eval_results_fuse_rpm_ext_no_band_ratio_7_no_ord_band_ratio_7.json
81ch,KONA,14966,287,0.9677373528131725,0.006146888934118963,0.9660290756261993,0.9313846153846154,219,228,본격\모델_12ch_베이스라인\모델_ord_C\eval_results_fuse_rpm_ext_no_band_ratio_7_no_ord_band_ratio_7.json
81ch,NIRO,16796,385,0.9654592143589587,0.00704614188569413,0.9650990664380799,0.939695550351288,198,304,본격\모델_12ch_베이스라인\모델_ord_C\eval_results_fuse_rpm_ext_no_band_ratio_7_no_ord_band_ratio_7.json
87ch,IONIQ,14898,504,0.98614984826227,0.0008213703595310193,0.9861694628418478,0.9869158878504672,42,63,본격\모델_12ch_베이스라인\모델_ord_B\eval_results_fuse_rpm_ext.json
87ch,KONA,14966,287,0.9682025874392712,0.005288739982971086,0.9665234110477363,0.936923076923077,199,245,본격\모델_12ch_베이스라인\모델_ord_B\eval_results_fuse_rpm_ext.json
87ch,NIRO,16796,385,0.9644461582730042,0.007408553368771994,0.9639423481660172,0.9414519906323185,192,319,본격\모델_12ch_베이스라인\모델_ord_B\eval_results_fuse_rpm_ext.json
k1250,IONIQ,14898,504,0.9785416241591038,0.0016320107348705678,0.9787368003420408,0.9766355140186916,73,82,본격\모델_12ch_베이스라인\모델_커널스윕\eval_results_fuse_rpm_ext_ord_k1250.json
k1250,KONA,14966,287,0.9501160783799939,0.0035327680687042454,0.9474027841881196,0.8876923076923077,362,356,본격\모델_12ch_베이스라인\모델_커널스윕\eval_results_fuse_rpm_ext_ord_k1250.json
k1250,NIRO,16796,385,0.9475066449441646,0.0043840748768572396,0.9475506721568268,0.9031030444964872,325,433,본격\모델_12ch_베이스라인\모델_커널스윕\eval_results_fuse_rpm_ext_ord_k1250.json
k2500,IONIQ,14898,504,0.9826844124359667,0.0017019440992021946,0.9826215513195883,0.9806853582554517,62,73,본격\모델_12ch_베이스라인\모델_커널스윕\eval_results_fuse_rpm_ext_ord_k2500.json
k2500,KONA,14966,287,0.9658564315318459,0.003400388413862927,0.9640132485382988,0.932,217,267,본격\모델_12ch_베이스라인\모델_커널스윕\eval_results_fuse_rpm_ext_ord_k2500.json
k2500,NIRO,16796,385,0.9586622821487191,0.005656820570387813,0.9586394848322337,0.9300351288056206,234,385,본격\모델_12ch_베이스라인\모델_커널스윕\eval_results_fuse_rpm_ext_ord_k2500.json
k5000,IONIQ,14898,504,0.9842797600601855,0.0014167380703882316,0.984082613431215,0.9819314641744549,58,80,본격\모델_12ch_베이스라인\모델_커널스윕\eval_results_fuse_rpm_ext_ord_k5000.json
k5000,KONA,14966,287,0.9644056030733096,0.008086111815004363,0.9622434760697498,0.9273846153846154,234,273,본격\모델_12ch_베이스라인\모델_커널스윕\eval_results_fuse_rpm_ext_ord_k5000.json
k5000,NIRO,16796,385,0.9632922711993954,0.006693552159512893,0.962930306442653,0.9341334894613583,218,317,본격\모델_12ch_베이스라인\모델_커널스윕\eval_results_fuse_rpm_ext_ord_k5000.json
15gk,IONIQ,10542,3576,0.8892834028503919,0.001334712499614667,0.8981342998660912,0.812597605413847,350,398,본격\모델\모델\eval_results_fuse_rpm_gk.json
15gk,KONA,9074,2096,0.8926171435069143,0.0030472505226806007,0.8955993275725286,0.8089275993467611,345,361,본격\모델\모델\eval_results_fuse_rpm_gk.json
15gk,NIRO,12156,2425,0.8813951072504119,0.004327922029800983,0.8996776218583843,0.7924874026568942,439,473,본격\모델\모델\eval_results_fuse_rpm_gk.json
